{
  "hash": "750c93d8",
  "configHash": "4a32cc99",
  "lockfileHash": "1bbbb2cc",
  "browserHash": "d8383af8",
  "optimized": {
    "@angular/core": {
      "src": "../../../../../../node_modules/@angular/core/fesm2022/core.mjs",
      "file": "@angular_core.js",
      "fileHash": "168ee93b",
      "needsInterop": false
    },
    "@angular/platform-browser": {
      "src": "../../../../../../node_modules/@angular/platform-browser/fesm2022/platform-browser.mjs",
      "file": "@angular_platform-browser.js",
      "fileHash": "8f35bd79",
      "needsInterop": false
    },
    "@angular/router": {
      "src": "../../../../../../node_modules/@angular/router/fesm2022/router.mjs",
      "file": "@angular_router.js",
      "fileHash": "03894e23",
      "needsInterop": false
    },
    "zone.js": {
      "src": "../../../../../../node_modules/zone.js/fesm2015/zone.js",
      "file": "zone__js.js",
      "fileHash": "18a600df",
      "needsInterop": true
    }
  },
  "chunks": {
    "chunk-7WM3YFIW": {
      "file": "chunk-7WM3YFIW.js"
    },
    "chunk-WQ4PLUOO": {
      "file": "chunk-WQ4PLUOO.js"
    },
    "chunk-WDMUDEB6": {
      "file": "chunk-WDMUDEB6.js"
    }
  }
}